id;nombre;tipo;periodicidad;aplica;monto;diponibilidad;observacion;estado
1;hack;ORDINARIA;Adelante Genérico e-comme;Relacciones whiteboard;81707;FTP;SSL deposit;ACTIVO
2;Buckinghamshire;EXTRAORDINARIA;Arquitecto withdrawal;Región;53995;Berkshire intuitive;Directo;ACTIVO
3;USB;EXTRAORDINARIA;Ordenador interactiva dep;recíproca;60403;Calidad;seize;ACTIVO
4;Metal B2B;EXTRAORDINARIA;PCI optical Diseñador;Raton;86440;deposit hacking;Ladrillo mission-critical;DESACTIVO
5;Rampa Poland Metal;ORDINARIA;Plástico PCI;Inteligente bandwidth;54210;SMS Riel;conglomeración Facilitador;ACTIVO
6;Hormigon;ORDINARIA;País;Buckinghamshire;89300;León Gris;override connecting Dinar;DESACTIVO
7;Senegal conjunto;EXTRAORDINARIA;ADP Increible toda;Violeta;24536;Checking connect;Cliente;DESACTIVO
8;redundant;EXTRAORDINARIA;matrices benchmark Fantás;solución;56881;Salida Bicicleta Sor;Parafarmacia Ladrillo Adelante;ACTIVO
9;compuesto lateral;ORDINARIA;Rojo SMTP;bluetooth;74649;Pantalones;copy Cantabria objetos;ACTIVO
10;compressing;EXTRAORDINARIA;Corporativo;Director;47553;Soluciones;Gerente Guantes Adelante;DESACTIVO
